"claim_id","claim","source_domains","report_coverage","original_study","author_year","country","population","age_range","sample_size","topic_domain","research_design","predictor_iv","outcome_dv","effect_size","direction","confidence","limitations","causal","replicated","indonesia_specific","male_specific","wording_manipulated","evidence_concerns","evidence_category","mechanism_cluster","male_specificity_class"
"C001","Endorsement of traditional masculinity is associated with less favourable attitudes to psychological help-seeking and greater self-stigma.","D1;D2;D5;D7","4","Uzumceker meta-analysis","Uzumceker (2025)","Multinational (mostly non-Indonesian)","Adult men","Adult","35 samples","Masculinity & help-seeking","Meta-analysis of correlational studies","Traditional masculinity ideology","Help-seeking attitudes; self-stigma","r=-.379 (attitudes); r=+.351 (self-stigma); GRC r=-.211 / +.300","Negative for help-seeking","STRONG (association)","Correlational; does not test any wording; Global-North-weighted samples","No","Yes (converges with Wong 2017)","No","Yes (about men only; no cross-gender comparison)","No","attitude;self-stigma","B","IDENTITY-THREAT;STIGMA","SOCIAL-CONTEXT"
"C002","Masculine norms are multidimensional; self-reliance, power over women and playboy norms relate most adversely to mental health and help-seeking, while primacy of work does not.","D2;D3;D7","3","Wong et al. conformity to masculine norms meta-analysis","Wong et al. (2017)","Multinational","Men","Adult","78 samples; N=19,453","Masculinity & help-seeking","Meta-analysis","CMNI subscales","Mental health; help-seeking","Overall unfavourable r<=.19 (<5% shared variance); norm-specific variation","Negative overall; varies by norm","STRONG","Small overall effect; correlational; masculinity does not 'cause' mental illness","No","Yes","No","Yes","No","attitude;clinical outcome","B","IDENTITY-THREAT;AUTONOMY","SOCIAL-CONTEXT"
"C003","Average adult sex differences in broad language dimensions (talkativeness, assertiveness, affiliative speech) are small.","D1","1","Leaper & Ayres meta-analysis","Leaper & Ayres (2007)","Mostly Western","Adult mixed-sex samples","Adult","Multiple samples","Male communication","Meta-analysis","Sex","Talkativeness; assertive speech; affiliative speech","d=-.14; d=.09; d=.12","Tiny; context-dependent","STRONG (for rejecting large differences)","Older literature; contexts aggregated","No","Yes","No","Yes (sex comparison)","No","observed usage","B","(none - null finding)","MALE-DIFFERENTIATED (but trivially small)"
"C004","Everyday talkativeness differences by sex appear only in some life stages and disappear in others.","D1","1","Tidwell et al. naturalistic EAR registered report","Tidwell et al. (2025)","Mostly Western","Ages 10-94","10-94","N>2,000","Male communication","Naturalistic observation (registered report)","Age band x sex","Words spoken per day","Women aged 25-64 ~3,000 more words/day; no notable gap in younger and older bands","Age-conditional","MODERATE-STRONG","Binary sex categories; word quantity is not communication style","No","No (single large study)","No","Yes","No","observed usage","B","(none - moderator finding)","MALE-DIFFERENTIATED (age-conditional)"
"C005","Roughly 78% of documented psychological gender differences fall in the close-to-zero or small range.","D1","1","Hyde Gender Similarities Hypothesis","Hyde (2005; 2014)","Mostly US/Global North","General population","All","Meta-synthesis of 46 meta-analyses","Male communication","Meta-synthesis","Sex","Cognitive, social, communicative traits","78% of effects d<=0.35; verbal ability near zero","Similarity dominates","STRONG","Cannot capture micro-pragmatic conversational nuance","No","Yes","No","Yes","No","observed usage","B","(none - null finding)","GENERAL"
"C006","Men report preferring coded or colloquial everyday language for entering mental-health topics alongside dynamic action/growth framing.","D1","1","Sharp et al. qualitative study","Sharp et al. (2024/2025)","UK/Anglophone","Men","Adult","N=64 (5 focus groups + 21 interviews)","Male communication","Qualitative (thematic)","Preferred mental-health language","Stated preference","Three inductive themes: coded language; masculine metaphor; dynamism/action/growth","Preference for indirect entry + direct action","MODERATE (for preference only)","Qualitative; no behavioural comparison; preference != effectiveness","No","No","No","Yes (men-only sample; no comparison group)","No","preference","C","EMOTIONAL EXPOSURE COST;AGENCY","SOCIAL-CONTEXT"
"C007","Working-class men's masculinities can support rather than only suppress disclosure when help-seeking is integrated into their own construction of responsible manhood.","D2","1","Working-class male help-seeking qualitative literature","(multiple, 2020s)","UK/Anglophone","Working-class men","Adult","Multiple qualitative studies","Male communication","Qualitative","Masculinity construction","Disclosure/support-seeking","Not quantified","Masculinity can facilitate as well as inhibit","MODERATE","Qualitative; setting-specific","No","No","No","Yes","No","observed usage;preference","C","IDENTITY CONGRUENCE;RESPONSIBILITY","SOCIAL-CONTEXT"
"C008","Male-targeted media campaigns can improve some help-seeking attitudes/beliefs for depression, but suicide-specific campaigns show mixed results and components cannot be isolated.","D1;D2;D5","3","Duthie et al. systematic review","Duthie et al. (2024)","AU/UK/US/CA","Men","Adult","22 studies","Health communication","Systematic review","Campaign exposure (bundled)","Help-seeking attitudes/beliefs/intentions","Heterogeneous; generally favourable for depression campaigns","Positive but inconsistent","MODERATE","Heterogeneity; variable quality; wording confounded with imagery/channel/spend","No","Partly","No","Yes (male-targeted)","No","attitude;intention","B","STIGMA;NORMALIZATION","SOCIAL-CONTEXT"
"C009","Gender-tailored male suicide-prevention interventions have not shown clear effects on suicide attempts, ideation or depression in randomised evidence.","D1;D5","2","Shi et al. systematic review","Shi et al. (2026)","Multinational","Men","Adult","17 articles; 14 interventions","Health communication","Systematic review of RCTs and other designs","Gender-tailored intervention (7 tailoring categories)","Suicide attempts; ideation; depression; help-seeking","No clear RCT effect on clinical outcomes; help-seeking mixed; attitudes not clearly improved","Null / mixed","STRONG (as evidence of uncertainty)","Heterogeneous interventions; moderate-to-high risk of bias","No","Yes","No","Yes","No","clinical outcome;actual behavior","A/B","(none - null finding)","SOCIAL-CONTEXT"
"C010","A humour-rich, masculinity-parodying digital intervention did not outperform an active control on suicidal ideation or depression.","D1;D2","2","Man Therapy RCT","Frey et al. (2022/2023)","US (Michigan)","Working-age men, largely White","Working age","554 enrolled; 421 completed","Health communication","Two-group longitudinal RCT","Man Therapy vs active control website","Suicidal ideation; depression","Both improved (SI slope -0.23 [-0.29,-0.16]; depression -0.21 [-0.23,-0.18]); NO difference by assignment","Null for superiority","STRONG (for this comparison)","Single US state; multi-component intervention; active comparator also substantial; humour not isolated","Yes (RCT)","No","No","Yes","No (bundled)","clinical outcome","A","HUMOR;INSTITUTIONAL DISTANCE","SOCIAL-CONTEXT"
"C011","Man Therapy participants showed somewhat higher odds of actual professional help-seeking in a secondary analysis.","D1","1","Man Therapy secondary analysis","Man Therapy secondary (2023)","US (Michigan)","Working-age men","Working age","RCT-derived sample","Health communication","Secondary logistic regression","Man Therapy assignment","Professional help-seeking","Adjusted OR ~1.55, 95% CI ~1.00-2.40, p=.049","Positive, borderline","WEAK-MODERATE","Borderline significance; secondary outcome; humour not isolated from screening/resources","Partly","No","No","Yes","No","actual behavior","A","(bundled)","SOCIAL-CONTEXT"
"C012","Mental-health literacy interventions among athletes improved knowledge, stigma, attitudes and intentions but produced no measurable change in actual help-seeking behaviour.","D2","1","Athlete mental-health literacy systematic review","(review, 2020s)","Multinational","Athletes (male-heavy)","Adult","5 studies; N=1,239","Health communication","Systematic review","MHL intervention","Knowledge; stigma; attitude; intention; ACTUAL help-seeking","Small-to-medium on proximal outcomes; NULL on behaviour at post and follow-up","Proximal yes, behavioural no","MODERATE","Athlete populations; mixed study quality; not Indonesia","Partly","No","No","No (athletes, not men-only)","No","attitude;intention;actual behavior","A/B","(none - outcome dissociation)","GENERAL"
"C013","Sports-club affiliation can activate social identity strongly enough to overcome prior reluctance to join health programmes.","D1","1","Timm et al. rapid realist review","Timm et al. (2024/2025)","Mostly Western","Adult men, mainly sports fans","Adult","52 studies","Community/setting","Rapid realist review","Club attachment","Programme engagement / behaviour change","Not pooled; consistent realist mechanism","Positive","MODERATE","Skewed to middle-aged, overweight, predominantly White fans; setting confounded with wording","No","Partly","No","Partly (male-dominated settings)","No","actual behavior;engagement","B/C","BELONGING;SOCIAL IDENTITY","SOCIAL-CONTEXT"
"C014","A football-club-embedded, gender-sensitised programme produced sustained weight loss in men aged 35-65.","D1;D5","2","Football Fans in Training RCT","FFIT (Hunt et al.)","Scotland","Overweight/obese men recruited via football clubs","35-65","~750","Community/setting","RCT","FFIT programme (bundled) vs comparison","Weight at 12 months","-4.9 kg difference, 95% CI ~ -5.9 to -4.0","Positive","STRONG (for the package)","Cannot isolate language from setting, facilitator, group, identity or programme design","Yes (RCT)","Partly","No","Yes (male-targeted)","No","actual behavior;clinical outcome","A","BELONGING;SOCIAL IDENTITY;AGENCY","SOCIAL-CONTEXT"
"C015","A peer-delivered workplace suicide-prevention programme improved mental-health literacy and helping intentions; behavioural and stigma effects were weaker.","D1;D5","2","MATES in Construction systematic review","MATES review (2023); workplace review (2024)","Australia/NZ","Construction workers","Adult","12 papers; separate review of 12 articles/4 interventions","Community/setting","Systematic review","Peer-embedded workplace programme","Literacy; helping intentions; help-seeking; stigma","Strongest for literacy and intentions","Positive proximal","MODERATE","Limited high-quality behavioural/suicide evidence; methodological quality mostly not strong","No","Partly","No","Partly (male-dominated industry)","No","attitude;intention;actual behavior","B/C","MESSENGER CREDIBILITY;BELONGING","SOCIAL-CONTEXT"
"C016","Behaviour-change techniques including relatable male role models, psychoeducation, symptom recognition, active problem-solving, signposting and building on valued male traits appear in more successful male help-seeking interventions.","D1;D5","2","Sagar-Ouriaghli et al. systematic review","Sagar-Ouriaghli et al. (2019)","International","Men in psychological distress","Adult","9 interventions from 6,598 citations","Health communication","Systematic review + BCT taxonomy mapping","Intervention components (bundled)","Help-seeking intentions; service utilisation","Not pooled (heterogeneity prevented meta-analysis)","Positive","MODERATE-LOW","Components coexist; cannot isolate 'strength' or masculinity reframing as active ingredient","No","No","No","Yes","No","intention;actual behavior","B/C","AGENCY;COMPETENCE;MODELLING","SOCIAL-CONTEXT"
"C017","Men's Sheds and similar side-by-side activity settings are associated with reduced isolation and improved wellbeing, mainly among older men.","D1;D5","2","Men's Sheds systematic and scoping reviews","(multiple reviews to 2026)","Australia/Anglosphere","Mostly older/retired men","55+","Multiple reviews","Community/setting","Systematic/scoping review of mostly non-randomised evidence","Male-specific activity-based community","Connection; isolation; wellbeing; depression","Generally promising; heterogeneous measurement","Positive","MODERATE (for model); VERY LOW for the word 'men's'","Selection effects; older skew; label not isolated; poor generalisation to working-age men","No","Partly","No","Partly","No","actual behavior;clinical outcome","B/C","BELONGING;LOW EXPOSURE;ACTIVITY-MEDIATED","SOCIAL-CONTEXT"
"C018","An explicit 'Real Men' branded depression brochure performed no better than an identical gender-neutral brochure; an autonomy-supportive male-sensitive brochure did reduce self-stigma.","D5","1","Real Men Real Depression campaign evaluations","Rochlen et al. (2006); Hammer & Vogel (2010)","US","Depressed adult men not in care","Adult","Multiple experimental samples","Masculinity framing","Randomised / experimental brochure comparison","Masculinity-policing label vs neutral vs autonomy-supportive male-sensitive","Self-stigma; help-seeking attitudes/intentions","Real Men = no incremental benefit vs neutral; male-sensitive autonomy format reduced self-stigma","Label null; autonomy support positive","STRONG (for this rare true wording test)","Post-exposure intentions rather than clinic visits; US only; ~2006-2010 vintage","Yes","Partly","No","Yes","YES (wording manipulated)","attitude;intention","A","AUTONOMY;IDENTITY POLICING","SOCIAL-CONTEXT"
"C019","Gender-coded wording effects depend on the recipient's gender-role identity, not simply on being male: strongly masculine-identified men uniquely disliked communal wording while other men evaluated both styles positively.","D5","1","Baxter et al. walking-leaflet studies","Baxter et al. (2022)","UK","Adults, gender-role identity measured","Adult","Study 1 N=247; 20 interviews; Study 3","Masculinity framing","Mixed-methods message manipulation","Agentic vs communal wording x endorser gender","Ad attitude; credibility; behavioural intention","No universal male preference for masculine wording; subgroup effect for masculine-identified men","Conditional","MODERATE-HIGH","Not a literal 'for men' label test; survey context limits external validity","Partly","No","No","Yes (men and women compared)","YES","preference;attitude;intention","A","IDENTITY CONGRUENCE","MALE-DIFFERENTIATED (moderated by identity, not sex)"
"C020","Responses to hypermasculine advertising depend on endorsement of specific masculine norms (winning, heterosexual self-presentation, power over women) rather than on being male.","D5","1","Parent & Cooper experiment","Parent & Cooper (2019/2020)","US (online)","Men","Adult","N=208","Masculinity framing","Experiment (threat x ad type)","Masculinity threat; hypermasculine vs neutral ad","Ad evaluation","Norm-specific moderation","Conditional","MODERATE","Hypermasculine content differs from a bare demographic label","Yes","No","No","Yes","Partly","attitude","A","IDENTITY CONGRUENCE;STATUS","MALE-DIFFERENTIATED (norm-moderated)"
"C021","Experimentally threatening masculine adequacy produces measurable responses, strongest for immediate negative affect and reduced self-perceived masculinity.","D5;D3","2","Lorenz et al. masculinity-threat meta-analysis","Lorenz et al. (2026)","Predominantly Western, heterosexual men","Men","Adult","N~19,448 across experiments","Masculinity framing","Meta-analysis of experiments","Masculinity threat manipulation","Affect; self-perceived masculinity; compensation","Overall d~.45, 95% CI [.38,.51]","Positive for threat responses","STRONG for genuine threat; NOT applicable to ordinary 'for men' labels","Heterogeneous; Western/heterosexual samples; distal behavioural effects less secure","Yes","Partly","No","Yes","Partly","attitude;engagement","A","IDENTITY THREAT;STATUS","MALE-DIFFERENTIATED"
"C022","The published masculinity-threat literature shows substantial selection for statistical significance, with behavioural outcomes the weakest evidential tier and at least one influential effect failing preregistered replication.","D5","1","Krivoshchekov & Gulevich credibility analysis","Krivoshchekov & Gulevich (2026)","International literature","Published experiments","n/a","188 independent samples; 452 hypothesis tests","Masculinity framing","Z-curve credibility review","Publication/selection processes","Expected replicability","Moderate expected replicability; behavioural outcomes weakest","Downgrades prior confidence","STRONG (methodological)","Does not itself estimate label effects","No","n/a","No","Yes","No","n/a","B","(meta-scientific caution)","GENERAL"
"C023","Freedom-threatening (controlling) language reliably increases anger, negative cognitions and measured reactance, and anger in turn relates negatively to persuasion.","D5;D6","2","Li & Shi reactance meta-analysis","Li & Shi (2025/2026)","Multinational","General persuasion audiences","Adult","28 articles; 33 studies; 146 effect sizes","Persuasion","Meta-analysis of experiments","High vs low freedom-threatening language","Anger; negative cognition; reactance; persuasion","r=.21 (anger); r=.17 (negative cognition); r=.20 (reactance); anger-persuasion r=-.23","Controlling language backfires","STRONG","NOT masculinity-specific; immediate outcomes only; long-term cumulative effects unknown","Yes","Yes (converges with Rains 2013)","No","NO (general human)","YES","attitude;intention","A","AUTONOMY/REACTANCE","GENERAL"
"C024","Masculine cues can function as identity reassurance where a behaviour or product is already coded feminine, altering men's choices.","D5","1","Brough et al. green-feminine stereotype programme","Brough et al. (2016)","US","Consumers","Adult","7 studies","Consumer behaviour","Experiments","Masculine branding / masculinity affirmation","Sustainable consumption choice","Masculine cues reduced gender-incongruity penalty","Positive where incongruity exists","STRONG (for gender-coded categories)","Does not show masculine branding helps gender-neutral categories","Yes","Yes","No","Yes","YES (branding/wording)","preference;actual behavior","A","IDENTITY REASSURANCE;IMPRESSION MANAGEMENT","MALE-DIFFERENTIATED (category-conditional)"
"C025","Men avoid feminine-coded options when the choice is publicly visible, but not when it is private.","D5","1","White & Dahl dissociative reference group experiments","White & Dahl (2006; 2007)","Canada/US","Male undergraduates and consumers","18-25","Multiple factorial experiments","Consumer behaviour","Factorial lab experiments","Feminine label x public vs private consumption","Product evaluation/choice","Public avoidance; private parity; asymmetric (women did not mirror it)","Public visibility drives avoidance","STRONG","Student convenience samples; hypothetical choices","Yes","Yes","No","Yes (asymmetry tested)","YES","preference;actual behavior","A","IMPRESSION MANAGEMENT;SOCIAL EXPOSURE","MALE-DIFFERENTIATED"
"C026","Masculine-coded recruitment language reduces applications from women and from weakly gender-identified men without increasing applications from traditional men.","D5","1","Debiasing job ads multimethod studies","Gaucher-tradition multimethod (2024/2025)","US (field + lab)","Job applicants","Adult","Large multimethod samples","Organisational communication","Field + lab experiments","Masculine-coded vs synonymous neutral wording","Belonging; application rates","Neutral wording expanded the pool without cost","Masculine coding narrows audience","STRONG","Recruitment domain; may not transfer to health communication","Yes","Yes","No","Yes","YES","actual behavior","A","BELONGING;IDENTITY CONGRUENCE","MALE-DIFFERENTIATED"
"C027","Masculine framing of a feminine-coded food category reduced perceived femininity but did NOT increase willingness among traditional men; it appealed only to men already endorsing progressive masculinities.","D5","1","Scholz et al. plant-based framing experiment","Scholz et al. (2024)","Germany/Europe","Adult men","Adult","Between-subjects experiment","Consumer behaviour","Experiment","Masculine lexical framing vs sensory framing","Perceived femininity; consumption willingness","Perception shifted; behaviour intention did not (for traditional men)","Perception != persuasion","MODERATE","Online hypothetical scenario; no behavioural follow-up","Yes","No","No","Yes","YES","preference;intention","A","IDENTITY REASSURANCE","MALE-DIFFERENTIATED (bounded)"
"C028","A pilot survey found the term 'toxic masculinity' rated substantially more negatively than 'positive' or 'traditional' masculinity, with ideological variation.","D5","1","Barry et al. terminology pilot","Barry et al. (2020)","UK-oriented online","Men and women","Adult","203 men; 52 women","Masculinity framing","Cross-sectional exploratory pilot","Masculinity terminology labels","Evaluations of terminology","Substantial dislike of 'toxic masculinity'","Negative for the label","WEAK (for prevalence/causality); useful descriptively","Convenience sample; no randomised wording conditions; participants knew they were rating terminology","No","No","No","Partly","Partly","preference;attitude","B","IDENTITY THREAT;COLLECTIVE INDICTMENT","UNKNOWN"
"C029","In an anti-violence education trial roughly 20% of boys resisted when 'toxic masculinity' framing presented men primarily as collective perpetrators; researchers advised abandoning the term in intervention.","D5;D3","2","Haslop et al. classroom intervention study","Haslop et al. (2024)","UK & Ireland","Secondary-school male students","13-18","Qualitative + mixed intervention trial","Masculinity framing","Qualitative/mixed intervention","'Toxic masculinity' discourse vs peer reflection","Defensive resistance; engagement","~20% overt resistance; verbatim: 'it kind of showed men as all monsters'","Backfire for collective-indictment framing","MODERATE","Educational workshop setting; adolescents not adults; qualitative","Partly","No","No","Yes","Partly","attitude;engagement","A/C","COLLECTIVE IDENTITY THREAT;REACTANCE","SOCIAL-CONTEXT"
"C030","A nationally representative latent profile analysis found the large majority of adult men in low-hostility profiles; only about one in ten fell into a high-centrality traditionalist cluster.","D5","1","Hill, Barlow et al. latent profile analysis","Hill, Barlow et al. (2025)","New Zealand","Adult heterosexual men","Adult","N=15,808","Masculinity framing","Nationally representative latent profile analysis","Gender centrality; sexism; SDO; attitudes to gender initiatives","Profile membership","35.4% egalitarian; 53.8% pragmatic moderates; 10.8% traditionalists","Most men are not the stereotype","STRONG (for NZ population structure)","Single country; self-report; profile labels are analytic conveniences","No","No","No","Yes","No","attitude","B","AUDIENCE HETEROGENEITY","MALE-DIFFERENTIATED (within-men variance)"
"C031","Precarious manhood beliefs are measurable across 62 nations but endorsement levels differ substantially between societies.","D5;D3;D7","3","Bosson, Vandello et al. cross-cultural study","Bosson, Vandello et al. (2021)","62 nations","University and adult samples","Adult","Very large multi-country","Masculinity theory","Cross-sectional multi-country survey","Precarious manhood beliefs","Gender ideology; country indicators","Psychometric invariance across 13 regions; substantial cross-national variation","Present but culturally variable","STRONG (for measurability); refutes strong universality","Cross-sectional; national aggregation obscures within-country variation","No","Yes","No","Yes","No","attitude","B","STATUS;IDENTITY THREAT","GENERAL (culturally graded)"
"C032","Traditional masculinity ideology predicted about 11.4% of variance in professional psychological help-seeking attitudes among young Chinese-Indonesian men.","D1;D2;D5;D7","4","Chandra & Himawan","Chandra & Himawan (2025/2026)","Indonesia (Jakarta metro)","Chinese-Indonesian men (ethnic minority)","18-25","N=115","Indonesia masculinity & MH","Hierarchical multiple regression, cross-sectional","MRNI-SF traditional masculinity ideology","ATSPPH-SF help-seeking attitude","11.4% of variance","Negative","MODERATE for this sample; LOW for Indonesian men generally","Small; young; urban; ethnic-minority-specific; cross-sectional; no wording manipulation","No","No","YES","Yes","No","attitude","B","IDENTITY-THREAT;FAMILY STIGMA","INDONESIA-CONFIGURED"
"C033","In an urban Surabaya sample, masculinity ideology, masculine norms and gender-role conflict showed NO significant correlation with primary healthcare use.","D5;D7","2","Hadisuyatmana et al. Surabaya study","Hadisuyatmana et al. (2017/2020)","Indonesia (Surabaya)","Urban men","20-40","N=134","Indonesia masculinity & health","Cross-sectional","Masculinity ideology; masculine norms; GRC","Primary-care utilisation","Non-significant: p=.455, .654, .300","NULL","MODERATE (important boundary condition)","Cross-sectional; one urban sample; physical rather than mental health; no framing manipulation","No","No","YES","Yes","No","actual behavior","B","(none - null finding)","INDONESIA-CONFIGURED"
"C034","Indonesian men's health management is frequently delegated to wives; erectile dysfunction is experienced as 'losing a sense of masculinity'; overloaded Puskesmas queues and short consultations leave no room to raise sensitive concerns.","D7","1","Hadisuyatmana et al. ED/diabetes interviews","Hadisuyatmana et al. (2021)","Indonesia","Men with type-2 diabetes and erectile dysfunction","Adult","Semi-structured interview study","Indonesia masculinity & health","Qualitative","Masculinity; household division of labour; service design","Health management; disclosure","Not quantified","Care is relational; institutions deter disclosure","MODERATE (qualitative)","Small; specific clinical population; Javanese-weighted","No","No","YES","Yes","No","observed usage;actual behavior","C","RELATIONAL CARE;PROVIDER IDENTITY;INSTITUTIONAL FRICTION","INDONESIA-CONFIGURED"
"C035","Indonesian national survey data show marital status, employment and insurance status predict men's health-seeking; illness is widely read as takdir (fate); silence is framed by a 'macho male maxim of strength in silence'.","D7","1","Handayani et al. national analysis","Handayani et al. (2021)","Indonesia (national)","National sample of Indonesian men","Adult","National survey data","Indonesia masculinity & health","Quantitative analysis of national survey","Sociodemographic factors; religious framing","Health-seeking behaviour","Divorced young men markedly worse; self-employed/salaried seek care more than unemployed/low-income","Material and marital conditions matter","MODERATE-STRONG","Secondary survey data; not mental-health-specific throughout","No","No","YES","Yes","No","actual behavior","B","MATERIAL CONDITIONS;RELATIONAL CARE;MEANING-MAKING","INDONESIA-CONFIGURED"
"C036","Indonesian general practitioners withheld psychiatric referrals until patients returned with self-harm injuries; 56.7% of an affected sample were unemployed and could not meet travel and out-of-pocket costs.","D7","1","Munira et al. barriers study","Munira et al. (2023)","Indonesia","People with mental disorders (not men only)","Adult","Qualitative","Indonesia mental health system","Qualitative","Institutional gatekeeping; cost","Access to psychiatric care","Not quantified for the referral finding","Institutional barrier is severe and prior to any wording","MODERATE (qualitative)","Not men-only; qualitative; single-country","No","No","YES","No (mixed sample)","No","actual behavior","C","INSTITUTIONAL FRICTION;MATERIAL COST","INDONESIA-CONFIGURED"
"C037","Javanese-Islamic concepts reframe illness management as active religious duty (ngelakoni), family caretaking as ngemong, and communal ritual (slametan) reintegrates the ill; neighbours brought the ill man to hospital.","D7","1","Subandi et al. first-episode psychosis case study","Subandi et al. (2022)","Indonesia (Java)","First-episode psychosis patient and family","Adult","Follow-up case study","Indonesia mental health","Qualitative case study","Religious and communal meaning frames","Recovery; care pathway","Not quantified","Religion and community can facilitate as well as inhibit","MODERATE (rich single case)","Single case; Javanese-Muslim; not generalisable to prevalence","No","No","YES","No (not men-only)","No","actual behavior;clinical outcome","C","COMMUNITY AS AGENT;MEANING-MAKING;RELIGION","INDONESIA-CONFIGURED"
"C038","Across a critical interpretive synthesis of 154 studies read against 6 Indonesian studies, Community and socio-economic status are the dominant social determinants of men's health-seeking in both Global North and Global South; Religion is dramatically more prominent in the Global South.","D7","1","Menungsa-affiliated MSc dissertation (Critical Interpretive Synthesis)","B281059 (2026), Univ. of Edinburgh","154 studies (100 Global North, 50 Global South, 4 mixed); 6 Indonesian","Men","Adult","154 studies","Indonesia masculinity & MH","Critical Interpretive Synthesis","HIMM determinants","Coded determinant frequency","Community 78.6%; SES 70.1%; Religion 5% North vs 34% South (29-point gap); Community 100% of Indonesian studies","Community and material conditions dominate","STRONG for corpus structure; INTERPRETIVE for conclusions","Interpretive not aggregative; only 6 Indonesian studies; Javanese/Muslim-weighted; author states own positionality","No","n/a","YES (adapted)","Yes","No","n/a","C/F","RELATIONAL CARE;COMMUNITY;RELIGION;MATERIAL CONDITIONS","INDONESIA-CONFIGURED"
"C039","The 'individual help-seeker' at the centre of Global North frameworks does not transfer to Indonesia: masculinity, distress and care are organised relationally through households and communities; community operates as both care and surveillance.","D7","1","Menungsa-affiliated MSc dissertation (lines-of-argument synthesis)","B281059 (2026)","Indonesia","Indonesian men","Adult","Interpretive across 154+6 studies","Indonesia masculinity & MH","Critical Interpretive Synthesis (theory-generative)","HIMM individual unit vs relational unit","Framework transferability","Re-specified HIMM: relational core; Religion and Institution added to the wheel","Reframing","MODERATE-STRONG as theory; UNTESTED empirically","Interpretive; not a prevalence or causal claim; explicitly offered as open to testing","No","No","YES","Yes","No","n/a","F","RELATIONAL CARE;BELONGING;SURVEILLANCE","INDONESIA-CONFIGURED"
"C040","Indonesian male homosociality is abundant but confiding is rare: peer research distinguishes teman nongkrong (hangout friends) from teman curhat (confidants), and men avoid emotional reliance on male peers.","D7;D2","2","Prawiro & Purbaningrum peer-group research; Hadisuyatmana et al. (2017)","Prawiro & Purbaningrum (2021); Hadisuyatmana et al. (2017)","Indonesia","Indonesian men","Adult","Qualitative","Indonesia male sociality","Qualitative","Homosocial space (warkop/nongkrong)","Emotional disclosure","Companionship abundant; confiding rare","Brotherhood is structurally constrained","MODERATE","Qualitative; Java-weighted; small samples","No","No","YES","Yes","No","observed usage","C","BELONGING vs DISCLOSURE (dissociated)","INDONESIA-CONFIGURED"
"C041","A casual invitation such as 'nongkrong yuk' can function as help-seeking that requires no emotional vocabulary and no exposure to communal judgement.","D7","1","Menungsa-affiliated dissertation interpretation of Levant's normative male alexithymia + Indonesian peer research","B281059 (2026); Levant (1992; 2009)","Indonesia","Indonesian men","Adult","Interpretive","Indonesia male sociality","Theoretical interpretation grounded in qualitative evidence","Low-disclosure invitation form","Functional help-seeking","Not quantified","Relational help-seeking is invisible to Northern measures","SPECULATIVE / PROMISING (theory-derived)","Not empirically tested; must not be presented as a proven wording effect","No","No","YES","Yes","No","n/a","F","LOW EXPOSURE COST;RELATIONAL CARE","INDONESIA-CONFIGURED"
"C042","In a large non-representative Indonesian survey, 18% of male respondents reported accessing mental-health services in three years versus 31% of female respondents; 73% cited health professionals' communication skills as a consideration when choosing a service.","D2","1","Into The Light national survey","Into The Light Indonesia (2021)","Indonesia (all 34 provinces)","Self-selected online respondents","79.9% aged 18-34","N=5,211","Indonesia mental health","Online cross-sectional survey","Gender; service attributes","Service access; service-choice criteria","18% male vs 31% female; 73% cite communication quality","Gender gap within sample","MODERATE for sample; LOW as national prevalence","Self-selected; 67.3% female; 75.8% Java; young-skewed; not representative","No","No","YES","Partly","No","actual behavior;preference","B","STIGMA;INSTITUTIONAL TRUST","INDONESIA-CONFIGURED"
"C043","Indonesian first- and second-person pronoun choice varies strongly by genre and constructs stance and relationship rather than only reference; Colloquial Jakartan Indonesian is a distinct register, not merely informal standard Indonesian.","D2","1","Sujatna et al. corpus study; Sneddon","Sujatna et al. (2024); Sneddon (2006)","Indonesia","Multi-genre Indonesian corpus","n/a","Large corpus + descriptive linguistics","Indonesian sociolinguistics","Corpus study; descriptive linguistics","Genre; register","aku/saya and kita/kami distribution","Strong genre-dependent variation","Register is relationally licensed","STRONG (linguistically)","Not male-specific; corpus genre is not conversation; Jakarta-centred","No","Yes","YES","NO","No","observed usage","D","LICENSED INTIMACY;SOCIAL DISTANCE","INDONESIA-CONFIGURED"
"C044","Indonesian provider masculinity can be renegotiated: fathers whose wives migrated reconstructed masculine respectability from pure breadwinning toward a bundle of paid work, childcare, financial management and housework.","D2","1","Indonesian transnational-family ethnography","(Indonesian transnational fatherhood study)","Indonesia","Fathers in transnational families","Adult","54 in-depth interviews + extended fieldwork","Indonesia masculinity","Qualitative/ethnographic","Wife's labour migration","Masculine self-definition","Not quantified","Provider identity is flexible, not fixed","MODERATE (mechanistic insight)","Specific transnational-family population; not generalisable","No","No","YES","Yes","No","observed usage","C","PROVIDER IDENTITY;RESPONSIBILITY;CARE","INDONESIA-CONFIGURED"
"C045","Indonesian tobacco advertising historically constructed masculinity through emotional control, status, adventure/modernity and traditional values.","D2","1","Nichter et al. Tobacco Control analysis","Nichter et al. (2009)","Indonesia","Advertising and cultural material","n/a","Cultural/semiotic analysis","Indonesian communication","Cultural analysis","Advertising themes","Masculine construction","Themes identified, not quantified","Descriptive","MODERATE-STRONG (descriptive)","Historical; does not isolate persuasive effect; does not license transfer to health communication","No","Partly","YES","Yes","No","observed usage","D","(cultural coding only)","INDONESIA-CONFIGURED"
"C046","Indonesian sports institutions (football, basketball, badminton) consistently organise emotion collectively using kita, berjuang, dukung, bersama, and process defeat with acknowledgement, apology, gratitude for effort and commitment to improve.","D2","1","Indonesian sports corpus 2024-2026 (Persebaya, Timnas basket, PBSI)","Corpus observation (2024-2026)","Indonesia","Official sports communications","n/a","Multiple primary communications","Indonesian communication","Corpus observation","Institutional sports communication","Rhetorical structure","Repeated collective framing across three sports","Strong observed pattern","STRONG as observed pattern; NO causal outcome","Sports audiences are not male-only; no audience-effect measurement; must not be read as male preference","No","n/a","YES","NO","No","observed usage","D","BELONGING;COLLECTIVE IDENTITY;DIGNITY AFTER FAILURE","INDONESIA-CONFIGURED"
"C047","Indonesian TikTok discourse around #LakiLakiTidakBercerita shows male emotional openness can attract audience reactions that reassert restrictive masculinity.","D2;D3","2","#LakiLakiTidakBercerita research","(Indonesian qualitative studies, 2024/2025)","Indonesia","TikTok users/posts","Young adult","Qualitative discourse/interview work","Indonesian communication","Qualitative discourse analysis","Public male emotional disclosure","Audience reaction","Not quantified","Norm is actively enforced, not merely descriptive","EMERGING (qualitative)","Not population-level; platform-specific; not manosphere-specific","No","No","YES","Yes","No","observed usage","C","SOCIAL EXPOSURE COST;PEER NORM ENFORCEMENT","INDONESIA-CONFIGURED"
"C048","Internalisation of masculine role norms correlated with self-stigma about help-seeking among Indonesian early-adult men, accounting for roughly 9.7% of variance.","D2","1","Alexi self-stigma study","Alexi (2024)","Indonesia (national/online)","Early adult men","18-25","Not stated in source","Indonesia masculinity & MH","Linear regression, cross-sectional","Male Role Norms Scale","Self-stigma of seeking help","~9.7% of variance","Positive association with self-stigma","MODERATE (limited reporting)","Non-probability online sampling; cross-sectional; sample size not reported in accessible source","No","Converges with C032","YES","Yes","No","attitude;self-stigma","B","STIGMA;IDENTITY-THREAT","INDONESIA-CONFIGURED"
"C049","In donated real TikTok viewing histories, ordinary 'cultural touchpoint' male content vastly outnumbered explicitly harmful material.","D3;D4","2","Fisher et al. Masculinity Content Classification Framework","Fisher et al. (2026)","Australia/UK/US","Men who donated viewing histories","16-25","142 men; 2,414 videos","Manosphere","Descriptive content classification of real viewing data","Content tier","Share of viewed videos","37.74% cultural touchpoints; 4.89% masculine-status; 0.87% degrading-health","Harmful tier is small but embedded in the same ecology","STRONG (for boundary framework in sampled users)","No causal outcome measurement; three Anglophone countries; 16-25 only","No","No","No","Yes","No","observed usage;engagement","D","(ecosystem structure)","SOCIAL-CONTEXT"
"C050","63% of young men regularly engaged with at least one masculinity influencer; followers were on average MORE employed, educated, higher-income and partnered than non-followers, while reporting more distress on some measures.","D3;D4","2","Movember Institute young men's survey","Movember Institute (2025)","Australia/UK/US","Young men","16-25","N=3,048","Manosphere","Cross-sectional survey","Influencer following","Demographics; distress; risky health behaviour","63% follow >=1; 19% vs 11% diet pills/steroids; more optimism plus more distress","Refutes the 'broken lonely loser' stereotype","MODERATE for prevalence within its own definition; WEAK for causality","Cross-sectional; selection cannot be ruled out; 'masculinity influencer' broadly defined; not equal to manosphere membership; advocacy-organisation data, not peer-reviewed","No","Partly (Equimundo converges)","No","Yes","No","engagement;attitude","B","AGENCY;ASPIRATION;IDENTITY","SOCIAL-CONTEXT"
"C051","Experimentally exposing men to a manfluencer framing social change as a threat to men's status increased mistrust and misogynistic attitudes, with stronger effects among younger men reporting more past rejection.","D3;D4","2","Renstrom & Back survey plus experiments","Renstrom & Back (2024)","Sweden","Men","Adult; young men moderated","Survey N=2,857; experiments N=597 and N=630","Manosphere","Survey + randomised experiments","Status-threat manfluencer messaging","Mistrust; dehumanisation of women; misogynistic attitudes","Effects statistically significant but described by authors as relatively small","Positive (harmful direction)","MODERATE-STRONG for immediate attitudes","Fictitious vignettes; immediate attitudes only; not long-term radicalisation or behaviour; Sweden","Yes (experiments)","No","No","Yes","YES (message content manipulated)","attitude","A","STATUS THREAT;GRIEVANCE","MALE-DIFFERENTIATED"
"C052","Lower acknowledgement of men's structural privilege predicted greater perceived threat from feminists, which in turn related to stronger endorsement of manosphere attitudes.","D3;D4","2","Franklin-Paddock, Platow & Ryan","Franklin-Paddock et al. (2025)","Australia/global online panel","Adult men","Adult","N=311; N=470","Manosphere","Two cross-sectional surveys with SEM","Privilege acknowledgement; perceived status stability","Feminist threat; manosphere beliefs","Significant indirect pathway","Positive","MODERATE","Correlational; temporal ordering unresolved; direction could run either way","No","Partly","No","Yes","No","attitude","B","STATUS THREAT;GRIEVANCE","MALE-DIFFERENTIATED"
"C053","Ofcom's qualitative study found humour, irreverence, open debate, fitness and perceived practical usefulness were the most common attractions; participants frequently consumed selectively and rejected creators' more extreme gender claims.","D3","1","Ofcom Manosphere Unmasked","Ofcom (2025)","UK","Men across exposure levels","Adult","38 men + 1 woman","Manosphere","Intensive qualitative interviews and observation","Engagement pattern","Reported attraction; selective rejection","Not quantified","Misogyny is often not the entry hook; partial uptake is common","MODERATE for lived experience","Cannot estimate prevalence; likely misses the most extreme users; UK only","No","Partly (Iñigo & Masanet converges)","No","Yes","No","preference;engagement","C","USEFULNESS;HUMOR;AGENCY;VALIDATION","SOCIAL-CONTEXT"
"C054","Former incels describe entry motivated by feeling like a 'loser', being alone, lacking value, and being met with validation, 'it isn't your fault' and 'you belong here'.","D3;D4","2","Maryn et al. former-incel interviews","Maryn et al. (2024)","Mixed/online recruitment","Former incels","Adult","N=21","Manosphere","Retrospective qualitative interviews","Community response to distress","Subjective mechanisms of entry and retention","Not quantified","Validation precedes ideology","MODERATE for subjective mechanisms","Retrospective; self-selected; not representative; not causal","No","Partly (Botto & Gottzen converges)","No","Yes","No","preference;engagement","C","VALIDATION;BELONGING;EXTERNAL ATTRIBUTION","SOCIAL-CONTEXT"
"C055","A looksmaxxing community of ~6 million monthly visitors displayed intense bodily scrutiny, invasive modification advice (mewing, leg-lengthening), 'masculine demoralisation' and self-harm discourse.","D3;D4","2","Halpin et al. looksmaxxing analysis","Halpin et al. (2025)","Canada/international forum","Forum participants","Young adult","8,072 comments","Manosphere","Qualitative thematic and content analysis","Community appearance norms","Discourse content","Not quantified","Self-improvement and self-hatred can coexist","STRONG for community content; cannot quantify reader effects","Public forum text only; no individual psychiatric outcomes measured","No","No","No","Yes","No","observed usage","D","QUANTIFIED STATUS;FATALISM;SELF-OBJECTIFICATION","SOCIAL-CONTEXT"
"C056","Algorithmic audits with synthetic vulnerable-male accounts found misogynistic recommendations rose from roughly 13% to 56% of suggested videos within five days.","D3;D4","2","Regehr et al. UCL/Kent TikTok audit","Regehr et al. (2024)","UK/TikTok","Synthetic archetype accounts","n/a (simulated 'teen boy')","7-day audit","Manosphere","Algorithmic audit","Engagement with loneliness/self-improvement content","Share of misogynistic recommendations","13% -> 56%","Rapid amplification","MODERATE for recommender behaviour; WEAK for human psychology","Synthetic accounts cannot experience persuasion; ecological generalisability limited","Yes (for feed response)","Partly (Dhoest converges)","No","Yes (male persona)","No","engagement","A","ALGORITHMIC AMPLIFICATION","GENERAL (platform mechanism)"
"C057","Manosphere community reactions systematically reward in-group identity-signalling language, consolidating group identity over time.","D3;D4","2","Martinez Torres & Morselli","Martinez Torres & Morselli (2026)","Global (r/TheRedPill)","Forum users","Adult","Longitudinal archive of submissions/comments","Manosphere","Social network analysis + NLP","In-group linguistic markers","Social reward (upvotes/replies)","In-group markers received significantly higher social rewards","Positive","MODERATE for social-reward mechanism within one forum","Observes collective platform signals, not individual internalisation; single forum","No","No","No","Yes","No","engagement","B","SOCIAL REWARD;IDENTITY SIGNALLING","SOCIAL-CONTEXT"
"C058","Across 105 empirical studies, sexual-violence rhetoric and practice function within core manosphere communities to consolidate male-supremacist identity under victimhood narratives.","D3;D4","2","PettyJohn et al. systematic review","PettyJohn et al. (2026)","International","Core manosphere communities","Adult","105 studies","Manosphere","Mixed-method systematic review","Community ideology/practice","Sexual-violence rhetoric and mobilisation","Not pooled","Present in core communities","STRONG for presence; INSUFFICIENT for individual perpetration base rates","Ideology/discourse is the unit; does not estimate average-consumer behaviour","No","n/a","No","Yes","No","observed usage","D","(harm documentation)","SOCIAL-CONTEXT"
"C059","Shaming and ridicule messaging aimed at incels produced no positive effect, and one shaming meme increased violent fantasies relative to control.","D3","1","Anti-incel messaging four-study programme","(2025 four-study programme)","Anglophone","Incel-adjacent men","Adult","Four studies","Intervention messaging","Randomised message experiments","Ridicule/shaming vs control","Attitudes; violent fantasies","No positive effect; one shaming condition INCREASED violent fantasies","BACKFIRE","MODERATE-STRONG (direct wording test)","Specific population; single research programme; not yet widely replicated","Yes","No","No","Yes","YES","attitude","A","SHAME;REACTANCE;IDENTITY THREAT","SOCIAL-CONTEXT"
"C060","Prebunking/inoculation improves recognition of manipulation tactics but with small effects that shrink among already-committed audiences and do not reliably change behaviour.","D3","1","Inoculation/prebunking literature","(multiple)","Multinational","General and committed audiences","Adult","Multiple experiments","Intervention messaging","Experiments/meta-analytic summary","Prebunking exposure","Recognition; behaviour","Small effects; attenuated for committed audiences","Modest positive","MODERATE","Recognition does not equal behaviour change","Yes","Yes","No","No","YES","attitude;engagement","A","MEDIA LITERACY","GENERAL"
"C061","Manosphere-engaged young men are often higher-income and more optimistic yet report similar loneliness to peers (55-56% vs 54% often lonely).","D3","1","Equimundo Young Men Research Project","Equimundo YMRP (2025)","US","Young men","18-29","Poll; exact N not stated","Manosphere","Cross-sectional poll","Manosphere engagement (Tate/Sneako trust)","Class; optimism; loneliness; masculinity identification","52% middle class+; 78% American dream attainable; 55-56% vs 54% often lonely; 54% vs 38% identify masculine; 72% vs 46% endorse breadwinner","Refutes the loneliness-driven stereotype","EMERGING (single non-peer-reviewed US poll)","Not peer-reviewed; single poll; advocacy organisation; sample size not stated","No","Partly (Movember converges)","No","Yes","No","engagement;attitude","B","STATUS;IDENTITY;ASPIRATION","SOCIAL-CONTEXT"
"C062","A uniquely male loneliness epidemic is contested: recent systematic review and representative polling find broadly comparable loneliness rates for men and women, though men turn to others for help less.","D3","1","Chowdhury et al.; Pew; AIBM","Chowdhury et al. (2026); Pew (2025); AIBM","US/international","Adults","Adult","Systematic review; Pew N=6,204","Loneliness","Systematic review + representative survey","Gender","Loneliness prevalence; help-seeking behaviour","Pew: 16% men vs 15% women lonely most of the time; no-close-friends gap ~9% vs 8% by 2023","Loneliness is not distinctively male; help-seeking is","STRONG (as correction)","US-weighted; measures vary; class may matter more than gender","No","Yes","No","Yes (gender comparison)","No","attitude","B","(corrective null)","GENERAL"
"C063","Incel samples show very high depression, anxiety, loneliness and daily suicidal thinking; extreme inceldom resembles suicidality more than terrorism.","D3","1","Costello et al.; UK Commission for Countering Extremism survey","Costello et al. (2022; 2023); UK CCE (N=561)","US/UK","Self-identified incels","Adult","N=561 plus other samples","Manosphere","Cross-sectional survey","Incel identification","Depression; anxiety; suicidality; loneliness; bullying history","~39% moderate-severe depression; 43% moderate-high anxiety; 37% daily suicidal thoughts; 48% high loneliness; 86% bullied","Very high distress","MODERATE-STRONG for this population","Self-selected; incels are over-represented in scholarship relative to the wider male-content ecosystem","No","Partly","No","Yes","No","clinical outcome","B","FATALISM;ISOLATION","SOCIAL-CONTEXT"
"C064","Man Box adherence is associated with higher suicidal ideation, but reported risk multipliers differ sharply across studies and must not be merged.","D3","1","Man Box studies","Promundo/Equimundo (2017); Equimundo State of American Men (2025); Hill/Heilman et al. (2020)","US/UK/Mexico; US","Young men","18-30; 18+","~3,600 (2017); n~2,454 (2025)","Masculinity & MH","Cross-sectional surveys + scale validation","Man Box adherence; provider-role failure","Suicidal ideation","Peer-reviewed OR range 1.56-2.59; separate 2025 survey reports 6.27x, and 16.3x for provider-role failure","Positive","MODERATE for direction; CONTESTED for magnitude","Different studies/years/samples/metrics; advocacy-organisation data; cross-sectional","No","Direction yes; magnitude no","No","Yes","No","clinical outcome","B","PROVIDER IDENTITY;SELF-RELIANCE","SOCIAL-CONTEXT"
"C065","The extreme manosphere is structurally a monetisation machine: insecurity is diagnosed and a purchasable transformation is sold, with rage-bait optimised for algorithmic reach.","D3;D4","2","Neo-manosphere scholarship; Theroux documentary evidence","Gerrand, Ging, Roose & Flood (2025); Theroux (2026)","International","Influencers and audiences","Adult","Review + documentary case evidence","Manosphere","Review + investigative case study","Commercial funnel structure","Monetisation; audience insecurity","Not quantified; documented case (Theroux lost most of an invested ~GBP500)","Commercial incentive is structural","MODERATE-STRONG for structure; EMERGING for deliberate insecurity maintenance","Intentional strategy to maintain insecurity is plausible but not systematically demonstrated","No","Partly","No","Yes","No","observed usage","D/E","COMMERCIALISED INSECURITY","SOCIAL-CONTEXT"
"C066","Indonesian male-oriented digital ecosystems are marriage-centred rather than casual-sex-centred: content organises around achieving kemapanan (established status), meeting provider expectations and vetting a prospective wife.","D4","1","Indonesian manosphere ecosystem mapping","Indonesian manosphere reports (2024-2026)","Indonesia","Male-oriented creators and audiences","18-35","Descriptive corpus","Indonesian manosphere","Corpus/ecosystem description","Local institutional context","Content structure","Not quantified","Local configuration differs from Western paradigm","MODERATE as observed pattern; NOT audience-effect evidence","Descriptive; no audience measurement; some source-quality problems in one of the two reports","No","Partly (both Indonesian reports converge)","YES","Yes","No","observed usage","D","PROVIDER IDENTITY;MARRIAGEABILITY;STATUS","INDONESIA-CONFIGURED"
"C067","Indonesian provider expectations are institutionally codified, not merely cultural: marriage law designates the husband as head of family and obliges him to provide; Islamic nafaqah is a legal duty; adat requires public financial demonstrations (uang panai, seserahan).","D4","1","Indonesian legal and customary analysis","Law No. 1/1974 Art. 31(3), 34(1); fiqh nafaqah; adat practices","Indonesia","Indonesian men","Adult","Institutional analysis","Indonesian masculinity","Documentary/institutional analysis","Statutory, religious and customary obligation","Provider pressure","Not quantified","Provider identity is legally and religiously anchored","STRONG (for the institutional facts)","Institutional description; does not measure psychological effect","No","n/a","YES","Yes","No","n/a","D","PROVIDER IDENTITY;RESPONSIBILITY;DIGNITY","INDONESIA-CONFIGURED"
"C068","Indonesian structural conditions plausibly intensify provider strain: ~59% informal employment, female tertiary gross enrolment (35.98%) exceeding male (31.05%), and registered marriages falling 28.63% over a decade to 1,577,255 in 2023.","D4","1","BPS statistics as cited in Indonesian manosphere report","BPS (various years, as reported)","Indonesia","National","All","National statistics","Indonesian context","Secondary statistics","Labour informality; education; marriage rate","Structural context","59% informal; APK 35.98% F vs 31.05% M; marriages -28.63% over 2014-2024","Structural pressure is real","MODERATE (figures reported second-hand; verify before publication)","Cited from a secondary report rather than primary BPS release; causal link to male distress is not established","No","No","YES","Partly","No","n/a","B","MATERIAL CONDITIONS;STATUS ANXIETY","INDONESIA-CONFIGURED"
"C069","Indonesian male digital vocabulary is locally distinctive: bucin (from budak cinta) for 'simp', mapan / pria berkualitas for 'high-value man', melek realita for 'red-pilled', cowok lembek as the pejorative.","D4","1","Indonesian manosphere lexicon mapping","Indonesian manosphere report (2026)","Indonesia","Online male discourse","18-35","Descriptive corpus","Indonesian manosphere","Lexical corpus description","Local vernacular","Terminology","Not quantified","Imported concepts are relexified locally","MODERATE as description; frequency NOT quantified","No corpus frequency data; urban/Jakarta-weighted; one source report has verifiable quality problems","No","Partly","YES","Yes","No","observed usage","D","STATUS LEGIBILITY","INDONESIA-CONFIGURED"
"C070","Indonesian male-oriented content offers validation without requiring public vulnerability: it names male exhaustion while framing composure and quiet endurance as virtues.","D4","1","Indonesian manosphere report content analysis","Indonesian manosphere report (2026)","Indonesia","Male-oriented creators","18-35","Descriptive","Indonesian manosphere","Content description","Message form","Audience appeal","Illustrative creator line: 'Gue tahu lo capek... tapi gak ada yang nanya kabar lo'","This is the ecosystem's most transferable communicative function","MODERATE as observed pattern; SPECULATIVE as psychological claim","No audience-effect measurement; illustrative quotations are reconstructed, not verified transcripts","No","Partly","YES","Yes","No","observed usage","D","VALIDATION WITHOUT EXPOSURE","INDONESIA-CONFIGURED"
"C071","Indonesian religious-masculinity ecosystems (Indonesia Tanpa Pacaran, dakwah influencers, Christian Pria Sejati retreats) address the same anxieties as the secular manosphere through rule-bound processes such as ta'aruf.","D4","1","Indonesian religious masculinity mapping","Indonesian manosphere report (2026)","Indonesia","Religious male audiences","18-35","Descriptive","Indonesian manosphere","Ecosystem description","Religious framing","Courtship and identity guidance","Not quantified","Religion supplies certainty and structure without secular red-pill ethics","MODERATE as description","Descriptive; conservative religious masculinity should NOT be relabelled 'manosphere' without evidence of ideological link","No","Partly","YES","Yes","No","observed usage","D","CERTAINTY;MORAL LEGITIMACY;STRUCTURE","INDONESIA-CONFIGURED"
"C072","Each additional moral-emotional word is associated with roughly 13% more sharing, replicated preregistered across five research groups.","D6","1","Brady et al. preregistered replication and meta-analysis","Brady et al. (2025, PNAS Nexus); Brady et al. (2017, PNAS)","Predominantly US political discourse","Elites and ordinary users","Adult","Meta-analysis 4,821,006 observations, 27 studies; direct replication 849,266 posts","Moral communication","Preregistered replication + meta-analysis of observational corpora","Moral-emotional word count","Sharing/retweeting","Pooled IRR 1.13, 95% CI [1.06,1.20]; replication ~1.17","Positive for diffusion","STRONG for association; MODERATE for causal interpretation","Naturalistic data cannot randomise all wording aspects; political-domain concentration","No","Yes","No","NO","Partly","engagement","B","MORAL SALIENCE;DIFFUSION","GENERAL"
"C073","Absolute moral loading increases engagement while moral DENSITY (moral words as a proportion of the message) decreases it above a saturation point; the fitted maximum in that corpus was around 0.30.","D6","1","Candia, Atari, Kteily & Uzzi","Candia et al. (2022/2026, Nature Human Behaviour)","Cross-national sociopolitical social media","Twitter/X, Reddit, 8chan users","Adult","1.6m+ posts (extended version ~2.14m)","Moral communication","Observational computational modelling","Moral word count vs moral/non-moral ratio","Engagement (likes, reposts, replies, upvotes)","Positive for loading; declining engagement above ~0.30 density","Non-linear saturation","MODERATE-HIGH for non-linearity; VERY LOW as a universal 30% rule","Corpus-specific; political/fringe platforms; dictionary-based; NOT replicated in organisational, health, Indonesian or video contexts; corpus changed between preprint and publication","No","No","No","NO","Partly","engagement","B","MORAL SATURATION","GENERAL"
"C074","Moral outrage predicts virality but, holding reach constant, predicts FEWER petition signatures; agency, collective identity and prosocial language show the opposite profile.","D6","1","Leach, Formanowicz, Nikadon & Cichocka","Leach et al. (2025/2026, SPPS)","Global English-speaking","Online civic participants","Adult","1,286,442 X posts linked to 24,785 Change.org petitions","Moral communication","Observational NLP with mediation modelling","Outrage vs agency/prosocial/collective-identity language","Virality; verified petition signatures","Reposts->signatures exp(b)~1.54; direct outrage->signatures ~0.98 controlling for virality","Double dissociation between reach and conversion","STRONG (very large ecological dataset with real behaviour)","Observational; no randomised wording; petition topic may confound both language and success","No","No","No","NO","No","engagement;actual behavior","B","AGENCY;EFFICACY;BELONGING vs OUTRAGE","GENERAL"
"C075","Moral appeals have a small positive average effect on intentions and behaviour; assertive (autonomy-restricting) wording reduces their effectiveness.","D6","1","Xu et al. moral appeals meta-analysis","Xu et al. (2026, PSPB)","Multiple message contexts","General audiences","Adult","67 papers; k=399 effects","Moral communication","Meta-analysis","Moral appeal; assertiveness moderator","Intentions and behaviour","d=.22 overall; assertiveness undermines effectiveness","Small positive; assertiveness harms","STRONG for the small average; LOW for any single universal effect","Large contextual heterogeneity; mostly short-term outcomes","Partly","Yes","No","NO","YES (assertiveness manipulated)","intention;actual behavior","A/B","MORAL RELEVANCE;AUTONOMY","GENERAL"
"C076","Corporate sociopolitical activism shows small positive pooled associations with attitudes, behaviour/intentions and stock response, but NO reliable pooled association with advertising/social-media engagement.","D6","1","Braga et al. meta-analysis","Braga et al. (2026, Journal of Business Research)","Multinational","Stakeholders","Adult","88 studies; 501 effects","Moral communication","Meta-analysis","Corporate sociopolitical activism","Attitudes; behaviour/intentions; stock; engagement","r=.124; r=.084; r=.182; engagement non-significant","Small positive downstream; engagement is not a valid proxy","STRONG for literature-wide heterogeneity","Extremely high I-squared; search ended Sept 2023; commercial rather than nonprofit weighting","No","n/a","No","NO","No","attitude;intention;actual behavior;engagement","B","MOTIVE ATTRIBUTION;CREDIBILITY","GENERAL"
"C077","Consistency over time and tangible resource commitment independently predict more favourable stakeholder responses to organisational moral positioning.","D6","1","Braga et al. moderator analysis","Braga et al. (2026)","Multinational","Stakeholders","Adult","88-study meta-analysis","Moral communication","Meta-analytic moderator analysis","Consistency; resource commitment vs statement-only","Stakeholder response","Positive multivariate moderators (~.12-.13 for resource commitment)","Costly, consistent action increases credibility","MODERATE-STRONG","Coding differences; cost can also create investor risk in some conditions","No","Partly (Ahmad et al. converges)","No","NO","No","attitude","B","COSTLY SIGNALLING;AUTHENTICITY","GENERAL"
"C078","Concrete descriptions of internal organisational change generate stronger perceived authenticity than abstract moral positioning; a cause-congruent promise that is then unfulfilled is especially damaging.","D6","1","Ahmad, Guzman & Al-Emran","Ahmad et al. (2024, JBR)","US","Student and nationally representative samples","Adult","Four experiments across three issue contexts","Moral communication","Randomised experiments","Abstract vs concrete internal/external activism; promise fulfilment","Perceived fit; authenticity","Concrete internal messaging strongest; 'congruent woke washing' most damaging","Specificity increases credibility; broken congruent promises are worst","STRONG","Scenario-based; authenticity perception rather than long-term behaviour","Yes","Partly","No","NO","YES","attitude;trust","A","AUTHENTICITY;FALSIFIABILITY","GENERAL"
"C079","Publicly observable prosocial behaviour causes observers to discount the actor's virtue by inferring less principled motives.","D6","1","Kraft-Todd, Kleiman-Weiner & Young","Kraft-Todd et al. (2023, Open Mind)","US","Individual actors and observers","Adult","14 studies; 7 preregistered; N=9,360","Moral communication","Randomised experiments","Public vs private prosocial action","Perceived virtue; motive attribution","Motive attribution mediates most of the discounting","Publicity invites suspicion","STRONG for interpersonal attribution; MODERATE-LOW for direct transfer to organisations","Individual actors, not corporations; US samples","Yes","Yes","No","NO","Partly","trust;attitude","A","MOTIVE ATTRIBUTION;VIRTUE DISCOUNTING","GENERAL"
"C080","Visible virality metrics causally increase outrage expression, partly through greater perceived danger.","D6","1","Puryear, Vandello & Gray","Puryear et al. (2024, JPSP)","US","Twitter users and experiment participants","Adult","Naturalistic N=237,230; five experiments N=1,499","Moral communication","Naturalistic + randomised experiments","Visible virality signals","Outrage expression","Significant causal increase; perceived danger mediates","Platform feedback amplifies outrage","STRONG for the mechanism","Twitter/X and US samples","Yes","No","No","NO","Partly","engagement;attitude","A","ALGORITHMIC FEEDBACK;OUTRAGE","GENERAL"
"C081","Moral framing can persuade while simultaneously moralising the attitude and reducing willingness to compromise.","D6","1","Kodapanakkal et al.","Kodapanakkal et al. (2022, Psychological Science)","US","Adults","Adult","Three experiments, roughly 1,000-2,000 each","Moral communication","Randomised experiments","Moral vs non-moral framing","Persuasion; moralisation; compromise behaviour","Moral frames persuaded AND moralised; reduced compromise","Persuasion and depolarisation are different goals","STRONG","Narrow issue set; short-term outcomes","Yes","No","No","NO","YES","attitude;intention","A","MORAL CONVICTION;POLARISATION","GENERAL"
"C082","Audiences who disagree with an organisational moral stance punish it substantially more than aligned audiences reward it.","D6","1","Mukherjee & Althuizen; Hydock, Paharia & Blair","Mukherjee & Althuizen (2020, IJRM); Hydock et al. (2020)","US/Western consumer samples","Consumers","Adult","Multiple experiments plus market simulation","Moral communication","Randomised experiments + choice modelling","Brand stance x consumer agreement","Brand attitude; intention; actual choice","Opponents punish roughly twice as intensely as supporters reward","Asymmetric negativity","STRONG","Specific contested issues; lab conditions may inflate political salience relative to habit","Yes","Yes","No","NO","No","attitude;intention;actual behavior","A","ASYMMETRIC ALIENATION","GENERAL"
"C083","In Indonesia, religious authority and subjective norms drove actual consumer boycott behaviour following MUI Fatwa No. 83/2023, with brand image statistically insignificant.","D6","1","Indonesian consumer boycott studies","Indonesian boycott studies (2024), PLS-SEM","Indonesia","Muslim consumers","Adult","Regional and national consumer surveys","Moral communication","Cross-sectional PLS-SEM","Religious authority; subjective norms; perceived behavioural control","Boycott intention and actual avoidance","Subjective norms and religious authority significant; brand image not","Communal moral authority outweighs brand-level affect","MODERATE","Cross-sectional self-report; crisis-state geopolitical environment; not generalisable to routine communication","No","No","YES","NO","No","intention;actual behavior","B","COMMUNAL MORAL AUTHORITY","INDONESIA-CONFIGURED"
"C084","A commercial brand campaign moralising masculinity generated enormous engagement of overwhelmingly negative valence.","D1;D5;D6","3","Gillette 'We Believe: The Best Men Can Be'","Gillette / P&G (2019)","US/global","Male consumers","Adult","~23m YouTube views; ~1.1m dislikes vs ~620k likes at one snapshot","Moral communication","Case study / observational","Moralised collective-indictment framing","Engagement valence; brand attitude","Dislikes exceeded likes; boycott demands; contested $8bn write-down attribution","Backfire for moral scolding by a commercial source","MODERATE as a case; NOT a controlled test","Confounded by market shifts to DTC razors, creative execution, historical moment; engagement is not approval","No","n/a","No","Yes (male-targeted)","No","engagement;attitude","E","COLLECTIVE INDICTMENT;SOURCE LEGITIMACY","SOCIAL-CONTEXT"
"C085","Long-run costly, structurally embedded moral commitment coexists with low cynicism, but no causal estimate links the rhetoric to business outcomes.","D6","1","Patagonia case","Patagonia (1985-2022)","US/global","Consumers","Adult","Case study","Moral communication","Case study","1% of sales since 1985 (>$140m); 2022 ownership transfer","Perceived authenticity","Not quantified","Costly signalling is credible","MODERATE as an illustration of congruence; WEAK as causal evidence","No counterfactual; not all audiences perceive it as authentic","No","n/a","No","NO","No","n/a","E","COSTLY SIGNALLING;CONGRUENCE","GENERAL"
"C086","Male mental-health organisations converge on permission rather than command: 'It's Okay To Talk', 'as much or as little as you want', explicit confidentiality, non-clinical framing.","D1","1","ANDYSMANCLUB current communication","ANDYSMANCLUB (2024-2026)","UK","Men attending peer groups","Adult","Primary-source corpus","Communication practice","Corpus observation of official copy","Low-pressure permission framing","(none measured)","n/a","Consistent practice across organisations","OBSERVED PRACTICE ONLY; strong face validity","No outcome evaluation; must not be converted into a proven wording effect","No","n/a","No","Yes (male-targeted)","No","observed usage","E","LOW EXPOSURE COST;AUTONOMY","SOCIAL-CONTEXT"
"C087","Peer-support frameworks convert an abstract instruction into a small behavioural script (Ask, Listen, Encourage action, Check in) in ordinary friendship vocabulary.","D1","1","Movember ALEC framework","Movember (2024-2026)","Australia/global","Men supporting friends","Adult","Primary-source corpus","Communication practice","Corpus observation","Structured conversational script","(none measured)","n/a","Reduces interactional uncertainty","OBSERVED PRACTICE; plausible mechanism","No isolated evaluation of the script","No","n/a","No","Yes","No","observed usage","E","UNCERTAINTY REDUCTION;AGENCY","SOCIAL-CONTEXT"
"C088","Bounded numeric check-ins ('How are you? Out of 10?') let a man report state without requiring affective vocabulary.","D1","1","Talk Club operational protocol","Talk Club (2024-2026)","UK","Men in peer groups","Adult","Primary-source corpus","Communication practice","Corpus observation","Metricised emotional entry point","(none measured)","n/a","Lowers the vocabulary barrier","OBSERVED PRACTICE; plausible mechanism; NOT experimentally tested","No controlled comparison against open-ended prompts","No","n/a","No","Yes","No","observed usage","E","LOW EXPOSURE COST;STRUCTURE","SOCIAL-CONTEXT"
"C089","Indonesian grooming brands combine technical/ingredient information with peer register and softening particles in the same sentence ('serumnya cukup untuk seluruh wajah lo kok, Men'; 'nggak ribet').","D2","1","Garnier Men / GATSBY / NIVEA MEN Indonesian corpus","Brand corpus (2024-2026)","Indonesia","Indonesian male consumers","18-35","Primary-source corpus","Communication practice","Corpus observation","Register mixing","(none measured)","n/a","Informational directness and social softness are independent","OBSERVED PRACTICE; STRONG as a descriptive pattern","Brand copy is not evidence of preference or effectiveness","No","n/a","YES","Yes (male-targeted)","No","observed usage","E","INFORMATIONAL DIRECTNESS vs SOCIAL SOFTNESS","INDONESIA-CONFIGURED"
"C090","Indonesian male-targeted brands construct masculinity in mutually incompatible ways within one market: proof-of-manhood challenge ('Laki Buktikan'), technical status ('tangguh', 'gagah'), and care+community+purpose (Kahf's care, confidence, community).","D2","1","Extra Joss / Toyota / Yamaha / Kahf Indonesian corpus","Brand corpus (2024-2026)","Indonesia","Indonesian male consumers","18-45","Primary-source corpus","Communication practice","Corpus observation","Brand masculine positioning","(none measured)","n/a","There is no single Indonesian male voice","STRONG as descriptive evidence against a universal male register","Industry practice only; no consumer-preference test","No","n/a","YES","Yes","No","observed usage","E","(pluralisation evidence)","INDONESIA-CONFIGURED"
"C091","Indonesian male mental-health initiatives are already using permission and normalisation formulations ('khusus laki-laki', 'boleh cerita', 'ruang aman').","D2","1","Ruang MENdukung and similar Indonesian male spaces","Indonesian male support initiatives (2024-2026)","Indonesia","Indonesian men","Adult","Primary-source corpus","Communication practice","Corpus observation","Permission framing","(none measured)","n/a","Organisations are deliberately lowering entry cost","OBSERVED PRACTICE; NO published Indonesian evaluation exists","No randomised Indonesian evaluation of any of these formulations was located in any source report","No","n/a","YES","Yes","No","observed usage","E","LOW EXPOSURE COST","INDONESIA-CONFIGURED"
"C092","Gender stereotyping in advertising can itself cause reactance and worse brand responses.","D1","1","Akestam et al. advertising experiments","Akestam et al. (2021)","Sweden/Western","Advertising audiences","Adult","Multiple experimental studies","Consumer behaviour","Experiments","Stereotyped vs non-stereotyped portrayal","Reactance; brand response","Stereotyping increased reactance","Negative","MODERATE-HIGH","Not exclusively male-targeted communication","Yes","Partly","No","No","YES","attitude","A","STEREOTYPE REACTANCE","GENERAL"
"C093","Korean men's help-seeking reflects loss-of-face concerns acting through self-stigma alongside conformity to masculine norms.","D1","1","Kim & Kim SEM study","Kim & Kim (2025)","South Korea","Korean men","19-59","341 recruited; 322 analysed","Masculinity & help-seeking","Online survey + structural equation modelling","Conformity to masculine norms; loss of face","Self-stigma; help-seeking attitudes","Masculinity -> self-stigma beta=.30; -> attitudes beta~-.38; face acts via self-stigma","Reputation adds to autonomy as a barrier","MODERATE","Cross-sectional; educated online sample; Korean chemyon must NOT be renamed malu/gengsi and applied to Indonesia","No","No","No","Yes","No","attitude;self-stigma","B","FACE;REPUTATION;STIGMA","(East Asian configuration; NOT transferable to Indonesia without test)"
"C094","Sport supplies a socially sanctioned container for male emotional expression organised as emotion -> shared object -> collective action -> belonging, rather than emotion -> individual confession -> psychological label.","D1;D2","2","Cross-report inference from sports corpora and sports-based intervention literature","(cross-report inference)","UK/Australia/Indonesia","Male-heavy sporting publics","Adult","Corpus + realist review","Communication practice","Cross-report inference from observed patterns","Sport as emotional intermediary","Emotional expression legitimacy","Not quantified","Structural affordance of the setting","CROSS-REPORT INFERENCE; explicitly NOT demonstrated as a male requirement","Sports audiences are not male-only; competition/comeback rhetoric is generated by the structure of sport itself, not male psychology","No","Converges across two domains","Partly","NO (setting effect, not male trait)","No","observed usage","G","BELONGING;LEGITIMISED EMOTION","SOCIAL-CONTEXT"
"C095","Across independent domains, communication appears to work partly by LOWERING the social and identity cost of accepting the message rather than by increasing emotional intensity.","D1;D2;D3;D4;D5;D7","6","Cross-report convergence: permission framing, Men's Sheds, ALEC, Talk Club, autonomy-supportive brochure, manosphere validation, nongkrong yuk, Indonesian permission copy","(cross-report inference)","Multiple","Men","Adult","Convergence across all six source domains","Cross-domain mechanism","Cross-report inference","Perceived cost of accepting/responding to a message","Engagement; disclosure; help-seeking","Not quantified as a single parameter","Cost reduction is the most cross-domain-recurrent mechanism in this corpus","CROSS-REPORT INFERENCE (strong breadth, no direct test of the construct)","'Response cost' has never been directly operationalised or manipulated in any study located; this is a synthesised construct requiring empirical testing","No","Recurs across 6/7 domains","Partly","SOCIAL-CONTEXT (general mechanism, male-relevant because masculine norms raise the cost)","No","n/a","G","RESPONSE COST","SOCIAL-CONTEXT"
"C096","Across independent domains, agency/actionability and belonging/social identity recur as the two most consistently supported mechanisms, while emotional intensity does not.","D1;D2;D3;D4;D6;D7","6","Cross-report convergence: FFIT, sports realist review, Leach petition study, manosphere value proposition ranking, Sagar-Ouriaghli BCTs, dissertation community finding","(cross-report inference)","Multiple","Men and general audiences","Adult","Convergence across six domains","Cross-domain mechanism","Cross-report inference","Agency/efficacy and belonging language vs emotional intensity","Behaviour and engagement","Leach study supplies the only large behavioural discrimination","Agency and belonging outperform outrage for costly action","CROSS-REPORT INFERENCE supported by one strong behavioural dataset","Only the petition dataset separates reach from conversion at scale, and it is observational","No","Recurs across 6/7 domains","Partly","GENERAL mechanism; male-relevant via masculine norms","No","n/a","G","AGENCY;BELONGING","GENERAL"
"C097","No neural-level explanation is necessary or sufficiently supported for any communication mechanism in this corpus.","D1;D2;D5","3","Explicit negative finding across source reports","(explicit statements in source reports)","n/a","n/a","n/a","n/a","Neuroscience","Negative finding","Neuroscientific explanation","Explanatory value","No source report located robust neural evidence bearing on wording effects","Neuroscience adds nothing here","STRONG (as a negative finding)","Absence of located evidence, not proof of absence; but no report offered any neural claim above decoration","No","n/a","No","No","No","n/a","G","(none)","GENERAL"
"C098","Evolutionary psychology is used extensively as RHETORIC in manosphere content but adds no demonstrated explanatory value beyond social and cultural mechanisms in this corpus.","D3;D4;D5","3","Manosphere rhetoric analysis + precarious manhood cross-cultural variation","Haslop et al. (2024); Fisher et al. (2026); Bosson et al. (2021)","Multiple","Manosphere audiences; 62 nations","Adult","Content analysis + cross-cultural survey","Evolutionary psychology","Content analysis + cross-cultural comparison","Evolutionary/biological justification","Persuasion; belief","Cross-national variation in precarious manhood beliefs contradicts strong universality","Ultimate-level claims are not needed and are often misused","STRONG that evolutionary rhetoric is used; WEAK that it explains anything additional","Evidence that scientific-sounding language causally persuades manosphere audiences is limited (EMERGING at best)","No","n/a","No","Yes","No","observed usage","D/F","FALSE CERTAINTY;NATURALISATION","GENERAL"
"C099","Manosphere ideology takes real average tendencies, inequalities or selection effects and inflates them into deterministic total theories.","D3","1","Bruch & Newman dating desirability; hypergamy demographic literature","Bruch & Newman (2018); assortative mating literature","US/multinational","Online daters; married populations","Adult","Four US dating markets; cross-national demographic data","Manosphere epistemics","Observational network analysis + demography","Real inequality vs ideological generalisation","Claim accuracy","Desirability hierarchies are real; the universal 80/20 rule and universal hypergamy are not; educational hypogamy has risen","Real premise, false totalisation","STRONG","Dating-app metrics are not real-world relationship formation; preferences do not determine matching because market composition changes","No","Yes","No","No","No","observed usage","B/F","FALSE CERTAINTY","GENERAL"
"C100","Perceived unavailability of positive male-specific attention in mainstream discourse is documented as a PERCEPTION, not as an objective institutional failure.","D3","1","Ofcom qualitative findings","Ofcom (2025)","UK","Men across exposure levels","Adult","38 men + 1 woman","Manosphere","Qualitative","Perceived mainstream discourse on masculinity","Perceived relevance; motivation to seek alternatives","Not quantified","The perceived communication gap is itself part of the demand","MODERATE for the perception; WEAK for any claim that institutions are objectively hostile to men","Self-report of perception only; must not be converted into a claim that schools/therapists/media 'hate men'","No","Partly","No","Yes","No","preference","C","RECOGNITION;MALE-SPECIFIC ATTENTION","SOCIAL-CONTEXT"
