"id","conclusion","confidence_tier","evidence_category","principal_limitation","male_specificity_class","source_domains"
"E01","Restrictive masculine norms (especially self-reliance) are associated with poorer help-seeking attitudes and higher self-stigma","STRONG","B","correlational; meta-analytic; not causal; not about wording","SOCIAL-CONTEXT","D1;D2;D5;D7"
"E02","Freedom-threatening/controlling language increases anger, counterarguing and reactance and reduces persuasion","STRONG","A","meta-analytic experimental; general human, NOT male-specific","GENERAL","D5;D6"
"E03","Engagement metrics are not valid proxies for trust, persuasion or behaviour","STRONG","A/B","meta-analysis found no reliable engagement association; petition study shows direct dissociation","GENERAL","D6"
"E04","Average sex differences in communication style are small and context-dependent","STRONG","B","meta-analytic; refutes 'male brain' style claims","GENERAL","D1"
"E05","Genuine threats to masculine adequacy produce measurable affective responses","STRONG","A","d~.45; but publication-selection caveats and weak behavioural tier","MALE-DIFFERENTIATED","D5;D3"
"E06","Men avoid feminine-coded options when publicly visible but not privately","STRONG","A","replicated; asymmetric (women do not mirror it)","MALE-DIFFERENTIATED","D5"
"E07","Masculine cues help where a category is already feminine-coded, not where it is neutral","STRONG","A","seven-study programme plus null in neutral/other categories","MALE-DIFFERENTIATED","D5"
"E08","An explicit 'Real Men' label added nothing over a neutral brochure; autonomy-supportive male-sensitive framing did reduce self-stigma","RELATIVELY STRONG","A","rare true wording manipulation; US; ~2006-2010; small literature","SOCIAL-CONTEXT","D5"
"E09","Community and socio-economic status are the dominant social determinants of men's health-seeking across 154 studies and all six Indonesian studies","RELATIVELY STRONG","C/F","interpretive synthesis; coding is the author's; not a prevalence claim","INDONESIA-CONFIGURED","D7"
"E10","Religion is a determinant of men's health-seeking in the Global South and Indonesia, and is near-absent from Global North frameworks","RELATIVELY STRONG","B/C","34% vs 5% coding gap; Indonesian evidence Muslim/Javanese-weighted","INDONESIA-CONFIGURED","D7"
"E11","Male-specific settings and peer messengers can improve engagement","MODERATE","A/B/C","FFIT RCT plus realist review plus workplace reviews; setting confounded with wording","SOCIAL-CONTEXT","D1;D5"
"E12","Agency, collective-identity and prosocial language predict costly action better than outrage does","MODERATE","B","one very large ecological dataset; observational","GENERAL","D6"
"E13","Moral density has a non-linear relationship with engagement","MODERATE","B","single research programme; political/fringe text platforms; no numeric transfer","GENERAL","D6"
"E14","Concrete internal action and consistency increase perceived authenticity more than abstract moral positioning","MODERATE","A/B","experiments plus meta-analytic moderators; commercial contexts","GENERAL","D6"
"E15","Shaming and ridicule of men can backfire, in at least one case increasing violent fantasies","MODERATE","A","four-study programme; specific population; not widely replicated","SOCIAL-CONTEXT","D3"
"E16","Provider identity is a central and institutionally codified organiser of Indonesian masculine self-worth","MODERATE","B/C/D","legal and religious codification is documented; psychological effect is inferred","INDONESIA-CONFIGURED","D2;D4;D7"
"E17","Indonesian male homosociality supports companionship far more readily than confiding","MODERATE","C","qualitative; Java-weighted; small samples","INDONESIA-CONFIGURED","D7;D2"
"E18","Indonesian community operates simultaneously as care and as surveillance","MODERATE","C/F","interpretive; grounded in six studies plus anthropological literature","INDONESIA-CONFIGURED","D7"
"E19","Male-tailored interventions improve proximal outcomes (literacy, attitudes, intentions) more reliably than behaviour","MODERATE","A/B","athlete review shows an explicit null on behaviour; workplace reviews converge","SOCIAL-CONTEXT","D1;D2;D5"
"E20","Manosphere audiences are heterogeneous and often socioeconomically advantaged; misogyny is usually not the entry hook","MODERATE","B/C","cross-sectional plus qualitative; selection unresolved; advocacy-org data","SOCIAL-CONTEXT","D3;D4"
"E21","Action/growth framing and coded everyday emotional language are preferred by some men","PROMISING/TENTATIVE","C","preference only; single qualitative study; no behavioural comparison","SOCIAL-CONTEXT","D1"
"E22","Lowering the social cost of responding matters more than raising emotional intensity","PROMISING/TENTATIVE","G","recurs across six of seven domains; never directly tested as a construct","SOCIAL-CONTEXT","ALL"
"E23","Bounded numeric check-ins reduce the vocabulary barrier to disclosure","PROMISING/TENTATIVE","E","industry practice with strong face validity; no controlled comparison","GENERAL","D1"
"E24","Emotionally indirect plus behaviourally explicit is a viable and probably preferable configuration for entry content","PROMISING/TENTATIVE","G","cross-report inference from preference data and practice convergence","SOCIAL-CONTEXT","D1;D2;D7"
"E25","Humour improves receptivity in male audiences","MIXED","A/C/E","high usage, strong entry evidence, null clinical outcome evidence","SOCIAL-CONTEXT","D1;D2;D3"
"E26","Masculinity framing improves men's responses","MIXED","A","helps in gender-incongruent public contexts; null or harmful otherwise","MALE-DIFFERENTIATED","D5"
"E27","Strength-based reframing of help-seeking is net beneficial","MIXED","B/C","short-term engagement vs long-term norm reinforcement never measured together","SOCIAL-CONTEXT","D1;D5"
"E28","'Bro', 'brotherhood', 'gue/lo' or any specific Indonesian register increases trust among Indonesian men","WEAK","D/E","no Indonesian randomised wording experiment was located in ANY source report","INDONESIA-CONFIGURED","D2;D4"
"E29","'Pria sejati' or similar Indonesian masculinity-policing wording causes reactance","WEAK","G","mechanistically plausible; no Indonesian experimental test exists","UNKNOWN","D2;D5"
"E30","A universal male tone of voice exists","WEAK / UNSUPPORTED","n/a","explicitly rejected by the two highest-rigour reports in the corpus","n/a","D1;D2"
"E31","A uniquely male loneliness epidemic explains manosphere appeal","CONTESTED","B","systematic review and representative polling dispute the epidemic framing","GENERAL","D3"
"E32","Neuroscience explains any communication effect in this corpus","UNSUPPORTED","G","no source report located robust neural evidence bearing on wording","GENERAL","D1;D2;D5"
"E33","Evolutionary psychology adds explanatory value beyond social and cultural mechanisms here","WEAK / SPECULATIVE","D/F","used heavily as rhetoric; cross-national variation in manhood beliefs contradicts strong universality","GENERAL","D3;D4;D5"
"E34","A 30% moral-density target is applicable to organisational or Indonesian communication","UNSUPPORTED","B","corpus-specific fitted optimum from political/fringe text platforms; never transferred","GENERAL","D6"
"E35","Indonesian men aged 18-35 respond to any specific wording in any specific way","UNKNOWN / UNTESTED","n/a","the corpus contains ZERO Indonesian randomised wording experiments on this population","INDONESIA-CONFIGURED","ALL"
