"mechanism_id","mechanism","message_feature","perceived_social_meaning","appraisal","psychological_mechanism","emotional_response","relational_response","behavioural_possibility","key_moderators","evidence_strength","male_specificity_class","failure_mode"
"M01","Response cost / social-exposure cost","Message implies what the recipient must admit, signal, risk or expose in order to respond","'If I take this up, what will people conclude about me, and who will find out?'","Anticipated social and identity accounting; appraisal of audience, reversibility and visibility","Reduced anticipated shame, malu, gengsi and family-stigma exposure; preserved standing","Relief; safety; reduced defensiveness; NOT necessarily strong emotion","Communicator is experienced as safe rather than demanding","Low-threshold action becomes possible (reading, saving, attending, asking a question)","Public vs private visibility; peer norms; family stigma; identity centrality; severity; platform","PROMISING/TENTATIVE","SOCIAL-CONTEXT","Backfires if 'low pressure' becomes vagueness - no clear next step, or a promise of anonymity the service cannot keep"
"M02","Agency / self-efficacy / actionability","Concrete, bounded, performable next step attributed to the recipient","'There is something I can actually do, and it is small enough to do'","Efficacy appraisal; reduced helplessness; internal locus restored without blame","Perceived control; competence","Motivation; calm; mild pride; relief from paralysis","Communicator is experienced as useful rather than merely sympathetic","Costly or effortful behaviour becomes more likely (the petition-signature profile)","Whether the step is genuinely available; structural barriers; severity; prior failed attempts","MODERATE","GENERAL (male-relevant via norms that penalise visible helplessness)","Backfires as victim-blaming when structural barriers (cost, distance, queues) make the step unavailable - the manosphere's discipline-only failure mode"
"M03","Uncertainty reduction / structure","Named categories, sequences, scripts, thresholds, honest 'here is what we know and do not know'","'This is intelligible; someone has a map'","Cognitive closure need; ambiguity is resolved","Reduced anxiety of not knowing; orientation","Curiosity; calm; sometimes relief","Communicator gains epistemic authority","Willingness to take a first step; willingness to keep reading","Topic tractability; audience literacy; whether the certainty offered is honest","PROMISING/TENTATIVE","GENERAL","Backfires as FALSE CERTAINTY - the exact mechanism the manosphere exploits. Calibrated structure, not totalising rules"
"M04","Belonging / social identity","First-person plural rooted in a real shared identity, setting or activity; visible peers doing the same thing","'People like me are here, and this is a place I already belong'","Self-categorisation; group prototypicality; normative fit","Social identity affirmation; reduced deviance risk","Warmth; recognition; sometimes pride","Communicator becomes an insider rather than an institution","Attendance, participation, sustained engagement","Whether the shared identity is genuine or cosmetic; whether the group's norms are supportive or policing","MODERATE-STRONG","SOCIAL-CONTEXT","Backfires as fake brotherhood when 'kita' is asserted without a real shared identity, and as norm policing when the in-group enforces stoicism"
"M05","Recognition / validation","Accurate naming of a difficulty the recipient believes is unspoken, WITHOUT supplying a culprit","'They have described my situation correctly and they did not need an enemy to do it'","Epistemic and emotional acknowledgement; reduced isolation of experience","Feeling understood; reduced self-blame","Relief; being seen; sometimes grief surfacing safely","Trust in the communicator's accuracy","Willingness to hear what comes next","Accuracy of the description; whether validation slides into grievance amplification","MODERATE","SOCIAL-CONTEXT","Backfires as grievance amplification: validating the DIFFICULTY is legitimate, validating a false EXPLANATION of who caused it is not"
"M06","Autonomy preservation","Choice-preserving syntax: can/could/may, options, invitation, explicit permission to decline","'They are not trying to control me'","Freedom-threat appraisal; persuasion-knowledge activation","Preserved self-determination","Absence of anger and counterarguing; measured openness","Communicator is not experienced as an authority imposing on the recipient","Higher acceptance of the same substantive recommendation","Prior autonomy sensitivity; source legitimacy; urgency (crisis narrows this)","STRONG","GENERAL","Backfires when a genuine emergency needs unambiguous instruction; autonomy-preserving hedging is wrong for acute risk"
"M07","Identity congruence vs identity negotiation","Whether the message gendered the content, and whether it merely addresses or actively regulates the group","'Is this for me?' versus 'Why is my manhood being brought into this?'","Self-categorisation OR identity-proposition evaluation","Relevance and belonging OR added identity work","Recognition OR irritation, embarrassment, stereotype rejection","Communicator seen as knowing the audience OR as pandering/policing","Attention and relevance OR disengagement and mockery","Prior gender-coding of the behaviour; identity centrality; public visibility; descriptive vs prescriptive form","MODERATE","MALE-DIFFERENTIATED (moderated by identity, not by sex)","Backfires whenever gender is added to content that had no gender problem - it manufactures a negotiation that did not exist"
"M08","Status / dignity / provider identity","Language that treats the recipient as a competent adult with obligations to others rather than a deficient patient","'Coming here does not cost me standing; it may even be part of what I owe people'","Status and dignity appraisal; role congruence","Preserved wibawa/harga diri; care reframed as responsibility discharged rather than weakness admitted","Dignity; sometimes pride; relief from shame","Communicator treated as a respectful equal or credible authority","Willingness to be seen engaging","Whether provider identity is currently intact or currently failing; economic precarity intensifies both directions","MODERATE-STRONG (Indonesia: STRONG)","INDONESIA-CONFIGURED (legally and religiously codified)","Backfires by RE-ANCHORING worth to provision: for a man who cannot provide, 'be a good provider' language is exactly the wrong frame (Man Box provider-failure ideation data)"
"M09","Messenger credibility / licensed intimacy","Who is speaking, and whether the relationship they claim is one the audience recognises","'Is this person allowed to talk to me this way?'","Source evaluation; register licensing; membership check","Trust OR detection of impersonation","Trust and ease OR cringe, embarrassment, cynicism","The entire relationship is set here before content is processed","Everything downstream depends on it","Whether the speaker has real membership; regional and class coding of the register; institutional role","MODERATE-STRONG","INDONESIA-CONFIGURED (pronoun system makes this unusually explicit)","Backfires instantly as fake slang. In Indonesian, gue/lo from an unlicensed institutional speaker is a credibility event, not a stylistic choice"
"M10","Motive attribution / authenticity","Concrete, falsifiable, costly commitments vs abstract values language","'Why is this organisation saying this to me, and what has it actually done?'","Persuasion-knowledge activation; covariation reasoning about motive","Credibility OR virtue-signalling attribution","Respect OR cynicism and do-gooder derogation","Long-run institutional trust","Donation, referral, sustained relationship","Sender type (nonprofit baseline differs from commercial); consistency over time; cause-mission fit","STRONG","GENERAL","Backfires most severely when a congruent promise is made and then not kept - worse than never promising"
"M11","Relational care","Framing care as something that moves between people rather than something an individual procures","'This fits how care already happens in my household'","Role congruence within an existing division of care labour","Care obtained without the man having to become an individual help-seeker","Relief; continuity; absence of role rupture","Communicator recognised as understanding local life","Care actually reaches the man, possibly via a wife, friend or neighbour","Household composition; whether relations are supportive or controlling; unmarried men are structurally exposed","MODERATE (interpretive, Indonesia-specific, untested)","INDONESIA-CONFIGURED","Backfires by assuming every man has healthy relations; relationality is not a cure, and dependence can silence as easily as support"
"M12","Community as care AND surveillance","Any framing that increases communal visibility of a man's distress","'Who else will know, and what will they conclude about my family?'","Family-stigma appraisal; rukun and gotong royong obligation","Support mobilised OR reputational exposure incurred","Safety OR malu and family shame","Community becomes an agent, not a backdrop","Help arrives through neighbours OR concealment intensifies","Whether the specific community is a supportive or judging one; urban anonymity vs kampung visibility","MODERATE","INDONESIA-CONFIGURED","The single most important Indonesian design constraint: every gain in communal reach is also a gain in communal exposure"
"M13","Meaning-making / religious frame","Whether distress is framed as fixed fate (takdir) or as a trial to be actively worked through (ngelakoni)","'Is this something to be endured because it is written, or something I am responsible for managing?'","Explanatory-model selection; positive vs negative religious coping","Fatalism OR active coping with religious legitimacy","Resignation OR purposeful endurance","Communicator aligned with or against the recipient's moral world","Delayed care OR treatment adherence as religious duty","Which framing the surrounding community endorses; denomination; whether the organisation has standing to speak religiously","MODERATE","INDONESIA-CONFIGURED","Backfires if a secular organisation appropriates religious authority it does not hold, or if it treats religiosity as an obstacle rather than a resource"
"M14","Material and institutional friction","Any communication that assumes an accessible service exists","'Even if I want this, can I get it, afford it, and reach it?'","Feasibility appraisal (prior to and independent of persuasion)","Access OR blocked access","Frustration; futility; cynicism about the organisation","Credibility collapses if the promised pathway does not work","Nothing happens regardless of message quality","JKN coverage; distance; queue length; consultation length; GP gatekeeping; cost of travel","MODERATE-STRONG","INDONESIA-CONFIGURED","This is the mechanism most likely to make an otherwise excellent voice strategy fail. A CTA without a working pathway is the corpus's clearest anti-pattern"
"M15","Humour / social-distance reduction","Irony, understatement, self-deprecation, absurdity","'This is not solemn; I can approach without ceremony'","Threat de-escalation; institutional distance reduction","Face-saving entry","Amusement; ease; reduced dread","Communicator becomes peer-like","Attention and entry, NOT demonstrated persuasion","Severity; whose joke it is; whether the group's humour norms are inclusive or exclusionary","MIXED","SOCIAL-CONTEXT","Backfires when the social function is to make the subject undiscussable (banter as avoidance) or when it trivialises acute risk"
"M16","Quantified / legible progress","Scales, thresholds, streaks, simple numbers","'I can locate myself without having to describe myself'","Self-assessment without affective vocabulary","Legibility; tractability","Calm; sometimes relief at not having to find words","Communicator seen as practical","Repeat self-monitoring; easier disclosure","Whether the metric measures something the person can influence; whether ranking is against self or others","PROMISING/TENTATIVE","GENERAL","Backfires as self-objectification when the metric is a comparative rank against other men (looksmaxxing) rather than a self-referenced state"
"M17","Algorithmic amplification / platform feedback","Content optimised for reach vs content optimised for conversion","(operates below awareness)","n/a - system-level","Exposure changes independently of message quality","Outrage begets outrage; visible virality increases outrage expression","Audience composition shifts away from the intended audience","Engagement metrics become endogenous and unreliable","Platform architecture; format; comment-driven reach","MODERATE","GENERAL","Constrains measurement, not just tone: high engagement can indicate hostility or algorithmic selection rather than agreement"
"M18","Moral salience vs moral saturation","Proportion and forcefulness of moral content within a message","'Are they telling me something, or telling me off?'","Informational-utility appraisal; sanctimony detection","Moral relevance OR preachiness attribution","Moral elevation OR irritation and disengagement","Institution seen as principled OR as grandstanding","Sharing OR scrolling past","Sender type (a men's mental-health nonprofit has a higher licit moral baseline than a razor brand); issue; platform","MODERATE for non-linearity; VERY WEAK for any number","GENERAL","Backfires as moral scolding. Never use a numeric density target; the operative variables are proportion of the message, imperative force, and whether the audience is positioned as culprit"
"M19","Hope vs fatalism","Whether an explanation leaves room for change","'Does this explanation still let me do something?'","Controllability appraisal","Preserved possibility OR foreclosure","Hope OR despair","Communicator seen as on the recipient's side OR as confirming his worst reading","Continued engagement OR withdrawal","Severity; how much of the causation is genuinely structural; the recipient's prior attempts","MODERATE","SOCIAL-CONTEXT","Backfires in both directions: false hope ('just be disciplined') and fatalistic honesty ('the system is rigged') both foreclose action"
"M20","Emotional-exposure calibration","Independent settings for emotional explicitness and behavioural explicitness","'How much do I have to feel out loud in order to use this?'","Exposure appraisal separate from comprehension","Access without emotional performance","Ease; and later, the possibility of emotion arriving on its own terms","Communicator does not demand a performance as entry price","Entry, then possible deepening","Stage of the relationship; severity; audience visibility; whether precision is clinically necessary","MODERATE","SOCIAL-CONTEXT","Backfires as euphemism when clinical precision is required (suicide risk, diagnosis, emergency instruction)"
